Result,Votes,Percent
Yes,9188,51.3611716697412
No,8701,48.6388283302588
