Result,Votes,Percent
Yes,12171,55.6312277173416
No,9707,44.3687722826584
