Measure,Yes Votes,Yes %,No Votes,No %
Measure 115,851026,62.2993542587372,515001,37.7006457412628
Measure 116,630962,46.65305192923097,721494,53.34694807076903
Measure 117,547983,39.768479309226215,829950,60.231520690773785
Measure 118,290027,20.971937098723075,1092902,79.02806290127693
Measure 119,735780,54.72745610824995,608664,45.27254389175005
