Measure,Yes Votes,Yes %,No Votes,No %
Measure 115,927462,62.671602215320746,552414,37.32839778467925
Measure 116,684223,46.707415389173285,780690,53.29258461082672
Measure 117,599609,40.15788321035892,893520,59.84211678964109
Measure 118,314932,21.019779545007054,1183333,78.98022045499295
Measure 119,802402,55.08781830402166,654185,44.91218169597834
