Measure,Yes Votes,Yes %,No Votes,No %
Measure 115,891966,62.65781837110156,531585,37.34218162889844
Measure 116,657956,46.678741519402415,751585,53.32125848059759
Measure 117,575829,40.08951807279244,860529,59.91048192720756
Measure 118,303050,21.02500452691485,1138329,78.97499547308516
Measure 119,772577,55.12532358372363,628915,44.874676416276365
