Measure,Yes Votes,Yes %,No Votes,No %
Measure 115,894314,62.60072798544029,534286,37.399272014559706
Measure 116,659611,46.62906336243949,754981,53.37093663756052
Measure 117,577267,40.04438222824036,864301,59.95561777175964
Measure 118,303855,21.004610085226783,1142756,78.99538991477321
Measure 119,774533,55.06732929499758,631987,44.93267070500242
