Measure,Yes Votes,Yes %,No Votes,No %
Measure 115,4040,46.91673440947625,4571,53.08326559052375
Measure 116,4033,46.797400789046186,4585,53.20259921095381
Measure 117,4023,46.76819344338526,4579,53.231806556614735
Measure 118,4031,46.81765389082462,4579,53.18234610917538
Measure 119,4031,46.86119507091375,4571,53.138804929086255
