Measure,Yes Votes,Yes %,No Votes,No %
Measure 115,992272,62.73809599079419,589338,37.26190400920581
Measure 116,731547,46.74708480520211,833357,53.25291519479789
Measure 117,644050,40.35292282225479,951993,59.64707717774521
Measure 118,338536,21.13796974688334,1263018,78.86203025311666
Measure 119,858497,55.15528660611664,698012,44.84471339388336
