Measure,Yes Votes,Yes %,No Votes,No %
Measure 115,4319,48.16012488849242,4649,51.83987511150758
Measure 116,4302,47.96521351321218,4667,52.03478648678782
Measure 117,4290,47.92225201072386,4662,52.07774798927613
Measure 118,4299,47.95315114333519,4666,52.04684885666481
Measure 119,4292,47.95530726256983,4658,52.04469273743017
