Measure,Yes Votes,Yes %,No Votes,No %
Measure 115,819634,62.67656684917261,488086,37.3234331508274
Measure 116,609352,47.063039628285466,685405,52.93696037171453
Measure 117,530775,40.23409340540639,788442,59.76590659459361
Measure 118,279250,21.09291912404525,1044654,78.90708087595475
Measure 119,710202,55.17353355888488,577013,44.82646644111512
