Measure,Yes Votes,Yes %,No Votes,No %
Measure 115,4162,47.30620595589907,4636,52.693794044100926
Measure 116,4145,47.10762586657575,4654,52.892374133424255
Measure 117,4133,47.06217262582555,4649,52.93782737417445
Measure 118,4142,47.09494030699261,4653,52.9050596930074
Measure 119,4135,47.09567198177677,4645,52.90432801822323
