Measure,Yes Votes,Yes %,No Votes,No %
Measure 115,1007197,62.87455951158457,594718,37.12544048841543
Measure 116,741269,46.7677307459112,843732,53.23226925408879
Measure 117,654296,40.47100797116106,962407,59.528992028838935
Measure 118,343690,21.18577201794032,1278578,78.81422798205968
Measure 119,871707,55.285434050911405,705032,44.7145659490886
