Measure,Yes Votes,Yes %,No Votes,No %
Measure 115,168,81.95121951219512,37,18.04878048780488
Measure 116,168,81.95121951219512,37,18.04878048780488
Measure 117,162,81.4070351758794,37,18.592964824120603
Measure 118,168,81.95121951219512,37,18.04878048780488
Measure 119,168,81.95121951219512,37,18.04878048780488
