Measure,Yes Votes,Yes %,No Votes,No %
Measure 115,641743,64.76077356540834,349201,35.239226434591664
Measure 116,478082,48.726797588131454,503066,51.27320241186855
Measure 117,423504,42.30690849806399,577524,57.69309150193601
Measure 118,217851,21.685606437664,786737,78.31439356233601
Measure 119,563252,57.69203980711005,413056,42.30796019288995
