Measure,Yes Votes,Yes %,No Votes,No %
Measure 115,1012627,62.87812177887064,597833,37.12187822112936
Measure 116,745039,46.758576454743206,848335,53.2414235452568
Measure 117,657879,40.47696541659258,967438,59.52303458340742
Measure 118,345879,21.20904410019812,1284930,78.79095589980187
Measure 119,876019,55.26776842297853,709026,44.73223157702147
