Measure,Yes Votes,Yes %,No Votes,No %
Measure 115,850920,62.29875463989985,514950,37.70124536010015
Measure 116,630879,46.65229608814612,721421,53.34770391185389
Measure 117,547919,39.768336965996674,829858,60.231663034003326
Measure 118,289971,20.97028358274797,1092800,79.02971641725203
Measure 119,735674,54.726003246333,608612,45.273996753667
