Measure,Yes Votes,Yes %,No Votes,No %
Measure 115,5043,47.86446469248292,5493,52.13553530751709
Measure 116,5026,47.698585935275695,5511,52.30141406472431
Measure 117,5014,47.6615969581749,5506,52.338403041825096
Measure 118,5023,47.688217981581694,5510,52.31178201841831
Measure 119,5016,47.68967484312607,5502,52.31032515687393
