Measure,Yes Votes,Yes %,No Votes,No %
Measure 115,996071,62.73775346828128,591603,37.26224653171873
Measure 116,733973,46.72415944346551,836891,53.27584055653449
Measure 117,646039,40.32428505176614,956070,59.67571494823386
Measure 118,339841,21.13879446277676,1267824,78.86120553722324
Measure 119,861320,55.12437416120161,701183,44.87562583879839
