Measure,Yes Votes,Yes %,No Votes,No %
Measure 115,991728,62.74543547278873,588830,37.25456452721127
Measure 116,731200,46.75613338542669,832659,53.24386661457331
Measure 117,643736,40.36043356355739,951232,59.63956643644261
Measure 118,338368,21.14198774723438,1262087,78.85801225276562
Measure 119,858049,55.16350416113509,697416,44.836495838864906
