Measure,Yes Votes,Yes %,No Votes,No %
Measure 115,946382,62.60916622507312,565189,37.39083377492688
Measure 116,697576,46.62514194889906,798561,53.37485805110094
Measure 117,611171,40.07266137191122,913986,59.927338628088776
Measure 118,321438,21.00498335613941,1208856,78.9950166438606
Measure 119,818051,54.991143482308814,669554,45.00885651769119
