Measure,Yes Votes,Yes %,No Votes,No %
Measure 115,1018584,62.842698909890935,602263,37.157301090109065
Measure 116,749198,46.71876500498243,854436,53.28123499501757
Measure 117,661542,40.44085373383233,974284,59.55914626616767
Measure 118,348064,21.205971429598456,1293285,78.79402857040154
Measure 119,881150,55.23405599692096,714152,44.76594400307904
