Measure,Yes Votes,Yes %,No Votes,No %
Measure 115,859587,62.23637291706638,521578,37.76362708293361
Measure 116,636842,46.57276185029687,730571,53.42723814970313
Measure 117,552909,39.68657518829104,840280,60.31342481170896
Measure 118,293037,20.95829539740994,1105154,79.04170460259006
Measure 119,743001,54.65879129933262,616343,45.34120870066738
