Measure,Yes Votes,Yes %,No Votes,No %
Measure 115,965423,62.602811677279625,576717,37.397188322720375
Measure 116,712573,46.69382603761073,813481,53.30617396238927
Measure 117,625078,40.1694747516551,931024,59.8305252483449
Measure 118,329018,21.06913949760856,1232593,78.93086050239144
Measure 119,834976,55.01736556103841,682683,44.98263443896158
