Measure,Yes Votes,Yes %,No Votes,No %
Measure 115,935716,62.63226379934457,558268,37.36773620065543
Measure 116,689858,46.649788139318176,788944,53.35021186068182
Measure 117,604402,40.09781605618984,902917,59.90218394381017
Measure 118,317783,21.01139092534408,1194649,78.98860907465591
Measure 119,808853,55.01114025017275,661491,44.988859749827256
