Measure,Yes Votes,Yes %,No Votes,No %
Measure 115,969968,62.61748428217015,579069,37.382515717829854
Measure 116,716039,46.713103225116186,816805,53.28689677488381
Measure 117,628217,40.19284622525683,934790,59.80715377474317
Measure 118,330462,21.06812704808293,1238078,78.93187295191707
Measure 119,838888,55.03181972343967,685481,44.96818027656033
