Measure,Yes Votes,Yes %,No Votes,No %
Measure 115,981689,62.75407631190858,582654,37.24592368809142
Measure 116,724101,46.77446547925189,823968,53.225534520748106
Measure 117,636929,40.34684417033967,941705,59.653155829660335
Measure 118,334614,21.12299431483181,1249508,78.87700568516819
Measure 119,849827,55.19694055768053,689800,44.80305944231947
