Measure,Yes Votes,Yes %,No Votes,No %
Measure 115,1011860,62.89344922578143,596988,37.10655077421857
Measure 116,744511,46.77275874157066,847251,53.22724125842934
Measure 117,657451,40.49136468840573,966231,59.50863531159426
Measure 118,345589,21.21247647586697,1283589,78.78752352413304
Measure 119,875466,55.288131504343966,707995,44.711868495656034
