Measure,Yes Votes,Yes %,No Votes,No %
Measure 115,4137,47.420907840440165,4587,52.57909215955984
Measure 116,4120,47.22063037249284,4605,52.779369627507165
Measure 117,4108,47.175011483693154,4600,52.824988516306846
Measure 118,4117,47.20788900355464,4604,52.79211099644536
Measure 119,4110,47.20882150241213,4596,52.791178497587865
